{
    "cloud_to_lsl": {
        "intercept": -1718013090.9933212,
        "slope": 0.9999975004428066
    },
    "lsl_to_cloud": {
        "intercept": 1718017385.276035,
        "slope": 1.0000024995629146
    },
    "info": {
        "model_type": "LinearRegression",
        "version": 1
    }
}