{
    "cloud_to_lsl": {
        "intercept": -1718167543.8375342,
        "slope": 0.9999954972510107
    },
    "lsl_to_cloud": {
        "intercept": 1718175280.3495412,
        "slope": 1.0000045027682118
    },
    "info": {
        "model_type": "LinearRegression",
        "version": 1
    }
}