{
    "cloud_to_lsl": {
        "intercept": -1719912872.2458389,
        "slope": 0.9999967672236071
    },
    "lsl_to_cloud": {
        "intercept": 1719918432.357545,
        "slope": 1.0000032327860793
    },
    "info": {
        "model_type": "LinearRegression",
        "version": 1
    }
}