{
    "cloud_to_lsl": {
        "intercept": -1718709330.1624622,
        "slope": 1.0000006560756245
    },
    "lsl_to_cloud": {
        "intercept": 1718708202.5599048,
        "slope": 0.999999343923849
    },
    "info": {
        "model_type": "LinearRegression",
        "version": 1
    }
}