{
    "cloud_to_lsl": {
        "intercept": -1719297094.6822116,
        "slope": 0.9999984518267835
    },
    "lsl_to_cloud": {
        "intercept": 1719299756.4560459,
        "slope": 1.0000015481747777
    },
    "info": {
        "model_type": "LinearRegression",
        "version": 1
    }
}