{
    "camera_matrix": [
        [
            891.4013620613109,
            0.0,
            792.0034524702374
        ],
        [
            0.0,
            891.1323053149748,
            606.8812062181547
        ],
        [
            0.0,
            0.0,
            1.0
        ]
    ],
    "distortion_coefficients": [
        [
            -0.13074297171856747,
            0.10891121740473347,
            0.0007082035859898092,
            0.0006445028415466968,
            -0.0005212366203109361,
            0.1695239142720532,
            0.05365005878356041,
            0.023774580465987558
        ]
    ],
    "serial_number": "930279"
}